Wahlart,Wahltag,Gebietsart,Gebietsnummer,Gebietsname,UegGebietsart,UegGebietsnummer,Gruppenart,Gruppenname,Gruppenreihenfolge,Stimme,Anzahl,Prozent,VorpAnzahl,VorpProzent,DiffProzent,DiffProzentPkt
BT,26.09.2021,Wahlkreis,1,Flensburg – Schleswig,LAND,1,System-Gruppe,Wählende,-3,,180112,"77,790063",171914,"75,245436","4,768663","2,544627"
BT,26.09.2021,Wahlkreis,2,Nordfriesland – Dithmarschen Nord,LAND,1,System-Gruppe,Wählende,-3,,145387,"77,223836",139194,"74,60765","4,449186","2,616187"
BT,26.09.2021,Wahlkreis,3,Steinburg – Dithmarschen Süd,LAND,1,System-Gruppe,Wählende,-3,,136299,"77,049051",132017,"74,739577","3,243522","2,309473"
BT,26.09.2021,Wahlkreis,4,Rendsburg-Eckernförde,LAND,1,System-Gruppe,Wählende,-3,,162060,"80,138063",157354,"78,35145","2,990709","1,786614"
BT,26.09.2021,Wahlkreis,5,Kiel,LAND,1,System-Gruppe,Wählende,-3,,155986,"77,036971",153273,"74,895187","1,770044","2,141784"
BT,26.09.2021,Wahlkreis,6,Plön – Neumünster,LAND,1,System-Gruppe,Wählende,-3,,133721,"76,452192",131713,"75,291676","1,524527","1,160516"
BT,26.09.2021,Wahlkreis,7,Pinneberg,LAND,1,System-Gruppe,Wählende,-3,,191512,"80,336259",187715,"78,69561","2,022747","1,640648"
BT,26.09.2021,Wahlkreis,8,Segeberg – Stormarn-Mitte,LAND,1,System-Gruppe,Wählende,-3,,199618,"80,102888",193280,"78,15735","3,27918","1,945539"
BT,26.09.2021,Wahlkreis,9,Ostholstein – Stormarn-Nord,LAND,1,System-Gruppe,Wählende,-3,,143092,"78,133429",138439,"76,265687","3,361047","1,867743"
BT,26.09.2021,Wahlkreis,10,Herzogtum Lauenburg – Stormarn-Süd,LAND,1,System-Gruppe,Wählende,-3,,196903,"79,951843",193334,"78,934389","1,846028","1,017453"
BT,26.09.2021,Wahlkreis,11,Lübeck,LAND,1,System-Gruppe,Wählende,-3,,131455,"73,277256",130961,"72,100001","0,377212","1,177255"
BT,26.09.2021,Wahlkreis,12,Schwerin – Ludwigslust-Parchim I – Nordwestmecklenburg I,LAND,13,System-Gruppe,Wählende,-3,,156565,"72,870753",157071,"72,449723","-0,322147","0,42103"
BT,26.09.2021,Wahlkreis,13,Ludwigslust-Parchim II – Nordwestmecklenburg II – Landkreis Rostock I,LAND,13,System-Gruppe,Wählende,-3,,146362,"71,381473",146768,"71,289514","-0,276627","0,091959"
BT,26.09.2021,Wahlkreis,14,Rostock – Landkreis Rostock II,LAND,13,System-Gruppe,Wählende,-3,,165329,"74,236771",164016,"73,578481","0,800532","0,658289"
BT,26.09.2021,Wahlkreis,15,Vorpommern-Rügen – Vorpommern-Greifswald I,LAND,13,System-Gruppe,Wählende,-3,,168922,"70,072926",169528,"70,376567","-0,357463","-0,303641"
BT,26.09.2021,Wahlkreis,16,Mecklenburgische Seenplatte I – Vorpommern-Greifswald II,LAND,13,System-Gruppe,Wählende,-3,,154240,"69,659156",156965,"69,441557","-1,736056","0,2176"
BT,26.09.2021,Wahlkreis,17,Mecklenburgische Seenplatte II – Landkreis Rostock III,LAND,13,System-Gruppe,Wählende,-3,,143622,"68,604429",144239,"68,005507","-0,427762","0,598922"
BT,26.09.2021,Wahlkreis,18,Hamburg-Mitte,LAND,2,System-Gruppe,Wählende,-3,,179637,"74,206248",175731,"72,156046","2,222715","2,050201"
BT,26.09.2021,Wahlkreis,19,Hamburg-Altona,LAND,2,System-Gruppe,Wählende,-3,,152720,"81,361711",146090,"78,566665","4,538298","2,795046"
BT,26.09.2021,Wahlkreis,20,Hamburg-Eimsbüttel,LAND,2,System-Gruppe,Wählende,-3,,160970,"83,049999",156013,"81,088259","3,177299","1,96174"
BT,26.09.2021,Wahlkreis,21,Hamburg-Nord,LAND,2,System-Gruppe,Wählende,-3,,185457,"84,33352",178760,"82,292175","3,746364","2,041345"
BT,26.09.2021,Wahlkreis,22,Hamburg-Wandsbek,LAND,2,System-Gruppe,Wählende,-3,,174014,"74,529623",172574,"73,275785","0,834425","1,253838"
BT,26.09.2021,Wahlkreis,23,Hamburg-Bergedorf – Harburg,LAND,2,System-Gruppe,Wählende,-3,,158246,"71,348188",155758,"70,151465","1,59735","1,196723"
BT,26.09.2021,Wahlkreis,24,Aurich – Emden,LAND,3,System-Gruppe,Wählende,-3,,137847,"71,852945",142676,"74,488491","-3,384592","-2,635546"
BT,26.09.2021,Wahlkreis,25,Unterems,LAND,3,System-Gruppe,Wählende,-3,,175826,"73,719739",176342,"74,964503","-0,292613","-1,244765"
BT,26.09.2021,Wahlkreis,26,Friesland – Wilhelmshaven – Wittmund,LAND,3,System-Gruppe,Wählende,-3,,134164,"70,968595",139153,"73,492162","-3,585262","-2,523567"
BT,26.09.2021,Wahlkreis,27,Oldenburg – Ammerland,LAND,3,System-Gruppe,Wählende,-3,,173725,"75,960298",175967,"77,774438","-1,274103","-1,81414"
BT,26.09.2021,Wahlkreis,28,Delmenhorst – Wesermarsch – Oldenburg-Land,LAND,3,System-Gruppe,Wählende,-3,,163753,"72,192905",170194,"74,746153","-3,784505","-2,553248"
BT,26.09.2021,Wahlkreis,29,Cuxhaven – Stade II,LAND,3,System-Gruppe,Wählende,-3,,140739,"74,62222",141726,"75,515108","-0,696414","-0,892888"
BT,26.09.2021,Wahlkreis,30,Stade I – Rotenburg II,LAND,3,System-Gruppe,Wählende,-3,,151821,"76,454859",153044,"77,570363","-0,799117","-1,115505"
BT,26.09.2021,Wahlkreis,31,Mittelems,LAND,3,System-Gruppe,Wählende,-3,,180543,"77,40222",179811,"78,127403","0,407094","-0,725183"
BT,26.09.2021,Wahlkreis,32,Cloppenburg – Vechta,LAND,3,System-Gruppe,Wählende,-3,,164507,"73,457678",163669,"74,3808","0,512009","-0,923122"
BT,26.09.2021,Wahlkreis,33,Diepholz – Nienburg I,LAND,3,System-Gruppe,Wählende,-3,,146954,"75,6049",148298,"76,468283","-0,906283","-0,863383"
BT,26.09.2021,Wahlkreis,34,Osterholz – Verden,LAND,3,System-Gruppe,Wählende,-3,,151308,"76,615525",153036,"78,025452","-1,129146","-1,409927"
BT,26.09.2021,Wahlkreis,35,Rotenburg I – Heidekreis,LAND,3,System-Gruppe,Wählende,-3,,125100,"74,055657",127071,"75,592055","-1,551101","-1,536398"
BT,26.09.2021,Wahlkreis,36,Harburg,LAND,3,System-Gruppe,Wählende,-3,,161635,"80,120452",161837,"81,292037","-0,124817","-1,171585"
BT,26.09.2021,Wahlkreis,37,Lüchow-Dannenberg – Lüneburg,LAND,3,System-Gruppe,Wählende,-3,,139183,"76,192431",141000,"77,958698","-1,288652","-1,766267"
BT,26.09.2021,Wahlkreis,38,Osnabrück-Land,LAND,3,System-Gruppe,Wählende,-3,,151837,"75,933687",151302,"75,981138","0,353597","-0,047451"
BT,26.09.2021,Wahlkreis,39,Stadt Osnabrück,LAND,3,System-Gruppe,Wählende,-3,,149541,"76,504474",152107,"77,321574","-1,68697","-0,8171"
BT,26.09.2021,Wahlkreis,40,Nienburg II – Schaumburg,LAND,3,System-Gruppe,Wählende,-3,,142895,"73,709269",146673,"75,294148","-2,575798","-1,584879"
BT,26.09.2021,Wahlkreis,41,Stadt Hannover I,LAND,3,System-Gruppe,Wählende,-3,,128894,"72,916219",134805,"74,940378","-4,384852","-2,024159"
BT,26.09.2021,Wahlkreis,42,Stadt Hannover II,LAND,3,System-Gruppe,Wählende,-3,,143712,"75,504371",149031,"77,045282","-3,569056","-1,540911"
BT,26.09.2021,Wahlkreis,43,Hannover-Land I,LAND,3,System-Gruppe,Wählende,-3,,174581,"75,494486",181650,"77,986142","-3,89155","-2,491655"
BT,26.09.2021,Wahlkreis,44,Celle – Uelzen,LAND,3,System-Gruppe,Wählende,-3,,158022,"73,676113",162145,"75,552625","-2,542786","-1,876513"
BT,26.09.2021,Wahlkreis,45,Gifhorn – Peine,LAND,3,System-Gruppe,Wählende,-3,,166592,"75,735341",168861,"77,26212","-1,343709","-1,52678"
BT,26.09.2021,Wahlkreis,46,Hameln-Pyrmont – Holzminden,LAND,3,System-Gruppe,Wählende,-3,,132893,"72,04005",139780,"74,59827","-4,927028","-2,55822"
BT,26.09.2021,Wahlkreis,47,Hannover-Land II,LAND,3,System-Gruppe,Wählende,-3,,181202,"76,032108",188495,"78,56479","-3,869068","-2,532682"
BT,26.09.2021,Wahlkreis,48,Hildesheim,LAND,3,System-Gruppe,Wählende,-3,,161685,"75,156533",169613,"77,67977","-4,67417","-2,523237"
BT,26.09.2021,Wahlkreis,49,Salzgitter – Wolfenbüttel,LAND,3,System-Gruppe,Wählende,-3,,147218,"73,27122",157046,"76,186734","-6,258039","-2,915514"
BT,26.09.2021,Wahlkreis,50,Braunschweig,LAND,3,System-Gruppe,Wählende,-3,,140807,"75,008656",147712,"76,916908","-4,674637","-1,908252"
BT,26.09.2021,Wahlkreis,51,Helmstedt – Wolfsburg,LAND,3,System-Gruppe,Wählende,-3,,130671,"72,535762",137303,"74,637015","-4,830193","-2,101253"
BT,26.09.2021,Wahlkreis,52,Goslar – Northeim – Osterode,LAND,3,System-Gruppe,Wählende,-3,,143611,"72,707436",150977,"74,386465","-4,878889","-1,679029"
BT,26.09.2021,Wahlkreis,53,Göttingen,LAND,3,System-Gruppe,Wählende,-3,,161876,"75,451893",170547,"77,37365","-5,084229","-1,921757"
BT,26.09.2021,Wahlkreis,54,Bremen I,LAND,4,System-Gruppe,Wählende,-3,,186308,"75,925081",188064,"74,481972","-0,933725","1,443109"
BT,26.09.2021,Wahlkreis,55,Bremen II – Bremerhaven,LAND,4,System-Gruppe,Wählende,-3,,144123,"67,232524",147855,"66,705015","-2,524095","0,527509"
BT,26.09.2021,Wahlkreis,56,Prignitz – Ostprignitz-Ruppin – Havelland I,LAND,12,System-Gruppe,Wählende,-3,,122512,"70,928523",120228,"68,310587","1,899724","2,617935"
BT,26.09.2021,Wahlkreis,57,Uckermark – Barnim I,LAND,12,System-Gruppe,Wählende,-3,,130965,"71,629767",129870,"70,307932","0,843151","1,321834"
BT,26.09.2021,Wahlkreis,58,Oberhavel – Havelland II,LAND,12,System-Gruppe,Wählende,-3,,195208,"78,292711",185012,"76,102802","5,510994","2,189909"
BT,26.09.2021,Wahlkreis,59,Märkisch-Oderland – Barnim II,LAND,12,System-Gruppe,Wählende,-3,,177065,"76,854131",170039,"75,097604","4,131993","1,756526"
BT,26.09.2021,Wahlkreis,60,Brandenburg an der Havel – Potsdam-Mittelmark I – Havelland III – Teltow-Fläming I,LAND,12,System-Gruppe,Wählende,-3,,147618,"72,73435",143883,"70,53676","2,595859","2,19759"
BT,26.09.2021,Wahlkreis,61,Potsdam – Potsdam-Mittelmark II – Teltow-Fläming II,LAND,12,System-Gruppe,Wählende,-3,,190547,"81,851141",179977,"79,41096","5,872973","2,440181"
BT,26.09.2021,Wahlkreis,62,Dahme-Spreewald – Teltow-Fläming III – Oberspreewald-Lausitz I,LAND,12,System-Gruppe,Wählende,-3,,194461,"76,939908",187607,"75,432636","3,653382","1,507272"
BT,26.09.2021,Wahlkreis,63,Frankfurt (Oder) – Oder-Spree,LAND,12,System-Gruppe,Wählende,-3,,142414,"74,411533",140051,"71,909899","1,687243","2,501634"
BT,26.09.2021,Wahlkreis,64,Cottbus – Spree-Neiße,LAND,12,System-Gruppe,Wählende,-3,,128323,"74,925701",132113,"73,939981","-2,868756","0,98572"
BT,26.09.2021,Wahlkreis,65,Elbe-Elster – Oberspreewald-Lausitz II,LAND,12,System-Gruppe,Wählende,-3,,120351,"74,103196",123365,"73,194971","-2,443156","0,908225"
BT,26.09.2021,Wahlkreis,66,Altmark,LAND,15,System-Gruppe,Wählende,-3,,108881,"68,051476",111193,"67,135396","-2,079268","0,916079"
BT,26.09.2021,Wahlkreis,67,Börde – Jerichower Land,LAND,15,System-Gruppe,Wählende,-3,,148520,"68,908561",150499,"68,165101","-1,314959","0,74346"
BT,26.09.2021,Wahlkreis,68,Harz,LAND,15,System-Gruppe,Wählende,-3,,138572,"66,639736",143567,"66,587356","-3,479212","0,05238"
BT,26.09.2021,Wahlkreis,69,Magdeburg,LAND,15,System-Gruppe,Wählende,-3,,156789,"68,407665",162894,"68,425607","-3,747836","-0,017942"
BT,26.09.2021,Wahlkreis,70,Dessau – Wittenberg,LAND,15,System-Gruppe,Wählende,-3,,115204,"67,867263",123466,"69,752832","-6,691721","-1,885569"
BT,26.09.2021,Wahlkreis,71,Anhalt,LAND,15,System-Gruppe,Wählende,-3,,139289,"64,91753",147946,"65,929296","-5,851459","-1,011766"
BT,26.09.2021,Wahlkreis,72,Halle,LAND,15,System-Gruppe,Wählende,-3,,148576,"70,829738",152467,"71,024559","-2,552028","-0,194821"
BT,26.09.2021,Wahlkreis,73,Burgenland – Saalekreis,LAND,15,System-Gruppe,Wählende,-3,,125866,"68,274822",131219,"68,473043","-4,07944","-0,198221"
BT,26.09.2021,Wahlkreis,74,Mansfeld,LAND,15,System-Gruppe,Wählende,-3,,133064,"66,975377",140223,"67,70689","-5,105439","-0,731513"
BT,26.09.2021,Wahlkreis,75,Berlin-Mitte,LAND,11,System-Gruppe,Wählende,-3,,140655,"67,945993",151412,"73,24993","-7,104457","-5,303937"
BT,26.09.2021,Wahlkreis,76,Berlin-Pankow,LAND,11,System-Gruppe,Wählende,-3,,135593,"58,177192",188499,"79,511623","-28,066992","-21,334431"
BT,26.09.2021,Wahlkreis,77,Berlin-Reinickendorf,LAND,11,System-Gruppe,Wählende,-3,,114070,"65,110306",137240,"75,242053","-16,882833","-10,131747"
BT,26.09.2021,Wahlkreis,78,Berlin-Spandau – Charlottenburg Nord,LAND,11,System-Gruppe,Wählende,-3,,122863,"68,296683",133009,"72,049424","-7,628055","-3,752741"
BT,26.09.2021,Wahlkreis,79,Berlin-Steglitz-Zehlendorf,LAND,11,System-Gruppe,Wählende,-3,,171803,"78,987706",180720,"81,696126","-4,934152","-2,70842"
BT,26.09.2021,Wahlkreis,80,Berlin-Charlottenburg-Wilmersdorf,LAND,11,System-Gruppe,Wählende,-3,,133235,"68,120929",158034,"79,54518","-15,692193","-11,424251"
BT,26.09.2021,Wahlkreis,81,Berlin-Tempelhof-Schöneberg,LAND,11,System-Gruppe,Wählende,-3,,172069,"74,335247",181159,"77,007014","-5,017692","-2,671767"
BT,26.09.2021,Wahlkreis,82,Berlin-Neukölln,LAND,11,System-Gruppe,Wählende,-3,,134004,"68,163159",143553,"70,849085","-6,651899","-2,685926"
BT,26.09.2021,Wahlkreis,83,Berlin-Friedrichshain-Kreuzberg – Prenzlauer Berg Ost,LAND,11,System-Gruppe,Wählende,-3,,151276,"69,131357",173289,"77,559561","-12,703057","-8,428204"
BT,26.09.2021,Wahlkreis,84,Berlin-Treptow-Köpenick,LAND,11,System-Gruppe,Wählende,-3,,156625,"75,664617",157111,"76,599904","-0,309335","-0,935288"
BT,26.09.2021,Wahlkreis,85,Berlin-Marzahn-Hellersdorf,LAND,11,System-Gruppe,Wählende,-3,,133719,"67,534166",138992,"69,252232","-3,793744","-1,718066"
BT,26.09.2021,Wahlkreis,86,Berlin-Lichtenberg,LAND,11,System-Gruppe,Wählende,-3,,143826,"71,747622",149116,"72,63322","-3,547574","-0,885598"
BT,26.09.2021,Wahlkreis,87,Aachen I,LAND,5,System-Gruppe,Wählende,-3,,140020,"79,418738",140624,"78,44126","-0,429514","0,977478"
BT,26.09.2021,Wahlkreis,88,Aachen II,LAND,5,System-Gruppe,Wählende,-3,,170670,"75,377617",173149,"75,860029","-1,431715","-0,482413"
BT,26.09.2021,Wahlkreis,89,Heinsberg,LAND,5,System-Gruppe,Wählende,-3,,145368,"75,576305",142330,"74,890424","2,134476","0,685881"
BT,26.09.2021,Wahlkreis,90,Düren,LAND,5,System-Gruppe,Wählende,-3,,153645,"76,954862",151595,"75,920871","1,352287","1,033991"
BT,26.09.2021,Wahlkreis,91,Rhein-Erft-Kreis I,LAND,5,System-Gruppe,Wählende,-3,,194862,"78,246833",191505,"76,915199","1,752957","1,331634"
BT,26.09.2021,Wahlkreis,92,Euskirchen – Rhein-Erft-Kreis II,LAND,5,System-Gruppe,Wählende,-3,,192814,"77,373815",187796,"76,106876","2,672048","1,266939"
BT,26.09.2021,Wahlkreis,93,Köln I,LAND,5,System-Gruppe,Wählende,-3,,140901,"73,91334",139718,"72,552889","0,846706","1,360451"
BT,26.09.2021,Wahlkreis,94,Köln II,LAND,5,System-Gruppe,Wählende,-3,,204955,"84,523451",197979,"82,154076","3,523606","2,369375"
BT,26.09.2021,Wahlkreis,95,Köln III,LAND,5,System-Gruppe,Wählende,-3,,155242,"75,898484",150629,"73,965735","3,062491","1,932749"
BT,26.09.2021,Wahlkreis,96,Bonn,LAND,5,System-Gruppe,Wählende,-3,,185557,"80,601612",180439,"79,28492","2,836416","1,316691"
BT,26.09.2021,Wahlkreis,97,Rhein-Sieg-Kreis I,LAND,5,System-Gruppe,Wählende,-3,,188217,"78,874981",184295,"77,625677","2,12811","1,249304"
BT,26.09.2021,Wahlkreis,98,Rhein-Sieg-Kreis II,LAND,5,System-Gruppe,Wählende,-3,,176637,"81,752544",174513,"80,785575","1,217101","0,966969"
BT,26.09.2021,Wahlkreis,99,Oberbergischer Kreis,LAND,5,System-Gruppe,Wählende,-3,,160146,"77,5",156593,"75,134105","2,268939","2,365895"
BT,26.09.2021,Wahlkreis,100,Rheinisch-Bergischer Kreis,LAND,5,System-Gruppe,Wählende,-3,,176933,"81,463491",174420,"80,220766","1,440775","1,242725"
BT,26.09.2021,Wahlkreis,101,Leverkusen – Köln IV,LAND,5,System-Gruppe,Wählende,-3,,154163,"73,72622",155139,"73,105668","-0,629113","0,620552"
BT,26.09.2021,Wahlkreis,102,Wuppertal I,LAND,5,System-Gruppe,Wählende,-3,,146699,"72,433935",149950,"72,046663","-2,168056","0,387272"
BT,26.09.2021,Wahlkreis,103,Solingen – Remscheid – Wuppertal II,LAND,5,System-Gruppe,Wählende,-3,,163495,"74,247062",164019,"73,60228","-0,319475","0,644782"
BT,26.09.2021,Wahlkreis,104,Mettmann I,LAND,5,System-Gruppe,Wählende,-3,,159457,"78,53864",160315,"78,10947","-0,535196","0,42917"
BT,26.09.2021,Wahlkreis,105,Mettmann II,LAND,5,System-Gruppe,Wählende,-3,,123769,"77,27111",125496,"76,883397","-1,376139","0,387713"
BT,26.09.2021,Wahlkreis,106,Düsseldorf I,LAND,5,System-Gruppe,Wählende,-3,,175110,"79,297369",172947,"78,340219","1,250672","0,95715"
BT,26.09.2021,Wahlkreis,107,Düsseldorf II,LAND,5,System-Gruppe,Wählende,-3,,142287,"74,847713",143599,"74,336224","-0,913655","0,51149"
BT,26.09.2021,Wahlkreis,108,Neuss I,LAND,5,System-Gruppe,Wählende,-3,,162167,"76,045487",160050,"74,518459","1,322712","1,527028"
BT,26.09.2021,Wahlkreis,109,Mönchengladbach,LAND,5,System-Gruppe,Wählende,-3,,129646,"70,00891",132006,"69,275578","-1,787798","0,733332"
BT,26.09.2021,Wahlkreis,110,Krefeld I – Neuss II,LAND,5,System-Gruppe,Wählende,-3,,155726,"77,844317",155434,"77,157607","0,187861","0,68671"
BT,26.09.2021,Wahlkreis,111,Viersen,LAND,5,System-Gruppe,Wählende,-3,,175085,"77,073594",173280,"76,192821","1,041667","0,880772"
BT,26.09.2021,Wahlkreis,112,Kleve,LAND,5,System-Gruppe,Wählende,-3,,171093,"75,885178",169057,"74,772221","1,204328","1,112958"
BT,26.09.2021,Wahlkreis,113,Wesel I,LAND,5,System-Gruppe,Wählende,-3,,160625,"77,871237",160344,"77,394318","0,175248","0,476919"
BT,26.09.2021,Wahlkreis,114,Krefeld II – Wesel II,LAND,5,System-Gruppe,Wählende,-3,,131664,"74,872051",133705,"74,646323","-1,526495","0,225729"
BT,26.09.2021,Wahlkreis,115,Duisburg I,LAND,5,System-Gruppe,Wählende,-3,,118600,"72,585285",121638,"72,404433","-2,497575","0,180851"
BT,26.09.2021,Wahlkreis,116,Duisburg II,LAND,5,System-Gruppe,Wählende,-3,,98339,"63,336232",103704,"64,732466","-5,173378","-1,396235"
BT,26.09.2021,Wahlkreis,117,Oberhausen – Wesel III,LAND,5,System-Gruppe,Wählende,-3,,145232,"72,923738",150312,"73,388798","-3,379637","-0,46506"
BT,26.09.2021,Wahlkreis,118,Mülheim – Essen I,LAND,5,System-Gruppe,Wählende,-3,,139658,"76,35966",142858,"76,091102","-2,239987","0,268558"
BT,26.09.2021,Wahlkreis,119,Essen II,LAND,5,System-Gruppe,Wählende,-3,,105472,"67,48135",110369,"67,575891","-4,436934","-0,094541"
BT,26.09.2021,Wahlkreis,120,Essen III,LAND,5,System-Gruppe,Wählende,-3,,152860,"80,311031",153336,"79,482474","-0,310429","0,828556"
BT,26.09.2021,Wahlkreis,121,Recklinghausen I,LAND,5,System-Gruppe,Wählende,-3,,121640,"73,635081",123958,"73,232231","-1,869988","0,402851"
BT,26.09.2021,Wahlkreis,122,Recklinghausen II,LAND,5,System-Gruppe,Wählende,-3,,137841,"73,943877",140795,"74,346802","-2,098086","-0,402925"
BT,26.09.2021,Wahlkreis,123,Gelsenkirchen,LAND,5,System-Gruppe,Wählende,-3,,112317,"66,658556",119414,"68,154786","-5,943189","-1,49623"
BT,26.09.2021,Wahlkreis,124,Steinfurt I – Borken I,LAND,5,System-Gruppe,Wählende,-3,,156894,"77,521395",154606,"76,464944","1,479891","1,05645"
BT,26.09.2021,Wahlkreis,125,Bottrop – Recklinghausen III,LAND,5,System-Gruppe,Wählende,-3,,148734,"74,611726",151842,"74,875366","-2,046865","-0,263639"
BT,26.09.2021,Wahlkreis,126,Borken II,LAND,5,System-Gruppe,Wählende,-3,,162159,"80,634799",158146,"79,081699","2,537529","1,5531"
BT,26.09.2021,Wahlkreis,127,Coesfeld – Steinfurt II,LAND,5,System-Gruppe,Wählende,-3,,161064,"82,726316",156813,"81,272999","2,710872","1,453317"
BT,26.09.2021,Wahlkreis,128,Steinfurt III,LAND,5,System-Gruppe,Wählende,-3,,155635,"79,603402",152541,"77,99776","2,028307","1,605642"
BT,26.09.2021,Wahlkreis,129,Münster,LAND,5,System-Gruppe,Wählende,-3,,196276,"83,895483",191090,"82,262133","2,713904","1,63335"
BT,26.09.2021,Wahlkreis,130,Warendorf,LAND,5,System-Gruppe,Wählende,-3,,165808,"79,42746",163531,"78,019026","1,392397","1,408434"
BT,26.09.2021,Wahlkreis,131,Gütersloh I,LAND,5,System-Gruppe,Wählende,-3,,179726,"76,74793",176708,"75,428562","1,707902","1,319368"
BT,26.09.2021,Wahlkreis,132,Bielefeld – Gütersloh II,LAND,5,System-Gruppe,Wählende,-3,,185345,"76,255148",186152,"75,60516","-0,433517","0,649988"
BT,26.09.2021,Wahlkreis,133,Herford – Minden-Lübbecke II,LAND,5,System-Gruppe,Wählende,-3,,170464,"75,129356",168664,"73,660122","1,067211","1,469234"
BT,26.09.2021,Wahlkreis,134,Minden-Lübbecke I,LAND,5,System-Gruppe,Wählende,-3,,152935,"75,752397",151181,"74,034662","1,160199","1,717736"
BT,26.09.2021,Wahlkreis,135,Lippe I,LAND,5,System-Gruppe,Wählende,-3,,172402,"76,822851",171391,"75,437508","0,589879","1,385343"
BT,26.09.2021,Wahlkreis,136,Höxter – Gütersloh III – Lippe II,LAND,5,System-Gruppe,Wählende,-3,,134346,"77,911097",133105,"76,219407","0,932347","1,691689"
BT,26.09.2021,Wahlkreis,137,Paderborn,LAND,5,System-Gruppe,Wählende,-3,,178377,"77,041385",171804,"75,005239","3,825871","2,036146"
BT,26.09.2021,Wahlkreis,138,Hagen – Ennepe-Ruhr-Kreis I,LAND,5,System-Gruppe,Wählende,-3,,144751,"71,803228",150044,"72,350808","-3,527632","-0,54758"
BT,26.09.2021,Wahlkreis,139,Ennepe-Ruhr-Kreis II,LAND,5,System-Gruppe,Wählende,-3,,136706,"77,991591",137632,"77,10217","-0,672809","0,889421"
BT,26.09.2021,Wahlkreis,140,Bochum I,LAND,5,System-Gruppe,Wählende,-3,,154691,"76,431003",156941,"76,015209","-1,43366","0,415794"
BT,26.09.2021,Wahlkreis,141,Herne – Bochum II,LAND,5,System-Gruppe,Wählende,-3,,123045,"70,740317",127974,"71,395337","-3,851564","-0,65502"
BT,26.09.2021,Wahlkreis,142,Dortmund I,LAND,5,System-Gruppe,Wählende,-3,,155814,"75,371867",156097,"73,868992","-0,181298","1,502875"
BT,26.09.2021,Wahlkreis,143,Dortmund II,LAND,5,System-Gruppe,Wählende,-3,,143855,"72,173974",143834,"70,749631","0,0146","1,424343"
BT,26.09.2021,Wahlkreis,144,Unna I,LAND,5,System-Gruppe,Wählende,-3,,148083,"76,137959",150831,"76,226165","-1,821907","-0,088207"
BT,26.09.2021,Wahlkreis,145,Hamm – Unna II,LAND,5,System-Gruppe,Wählende,-3,,168760,"72,984872",171524,"72,92284","-1,611436","0,062032"
BT,26.09.2021,Wahlkreis,146,Soest,LAND,5,System-Gruppe,Wählende,-3,,179003,"77,219373",174364,"75,059513","2,660526","2,159859"
BT,26.09.2021,Wahlkreis,147,Hochsauerlandkreis,LAND,5,System-Gruppe,Wählende,-3,,156518,"78,065398",154014,"75,955772","1,625826","2,109626"
BT,26.09.2021,Wahlkreis,148,Siegen-Wittgenstein,LAND,5,System-Gruppe,Wählende,-3,,162162,"78,085635",162306,"76,231495","-0,088721","1,85414"
BT,26.09.2021,Wahlkreis,149,Olpe – Märkischer Kreis I,LAND,5,System-Gruppe,Wählende,-3,,154830,"76,139661",152542,"73,79303","1,499915","2,346631"
BT,26.09.2021,Wahlkreis,150,Märkischer Kreis II,LAND,5,System-Gruppe,Wählende,-3,,143689,"73,379601",145474,"72,538969","-1,227023","0,840633"
BT,26.09.2021,Wahlkreis,151,Nordsachsen,LAND,14,System-Gruppe,Wählende,-3,,119206,"73,912909",118170,"72,091803","0,876703","1,821106"
BT,26.09.2021,Wahlkreis,152,Leipzig I,LAND,14,System-Gruppe,Wählende,-3,,167696,"74,830879",161407,"73,149365","3,896361","1,681514"
BT,26.09.2021,Wahlkreis,153,Leipzig II,LAND,14,System-Gruppe,Wählende,-3,,180880,"78,242739",175198,"76,936386","3,243188","1,306353"
BT,26.09.2021,Wahlkreis,154,Leipzig-Land,LAND,14,System-Gruppe,Wählende,-3,,162283,"76,241819",161321,"74,818659","0,596327","1,42316"
BT,26.09.2021,Wahlkreis,155,Meißen,LAND,14,System-Gruppe,Wählende,-3,,149341,"75,806075",152988,"75,996225","-2,383847","-0,19015"
BT,26.09.2021,Wahlkreis,156,Bautzen I,LAND,14,System-Gruppe,Wählende,-3,,159233,"76,963194",161319,"75,386233","-1,29309","1,576961"
BT,26.09.2021,Wahlkreis,157,Görlitz,LAND,14,System-Gruppe,Wählende,-3,,153057,"74,989344",156089,"73,273996","-1,942482","1,715347"
BT,26.09.2021,Wahlkreis,158,Sächsische Schweiz-Osterzgebirge,LAND,14,System-Gruppe,Wählende,-3,,154159,"77,194133",156342,"77,175437","-1,396298","0,018696"
BT,26.09.2021,Wahlkreis,159,Dresden I,LAND,14,System-Gruppe,Wählende,-3,,181120,"79,215196",182849,"78,598755","-0,945589","0,616441"
BT,26.09.2021,Wahlkreis,160,Dresden II – Bautzen II,LAND,14,System-Gruppe,Wählende,-3,,189409,"80,794857",186818,"79,340366","1,386911","1,454491"
BT,26.09.2021,Wahlkreis,161,Mittelsachsen,LAND,14,System-Gruppe,Wählende,-3,,147733,"76,218606",150648,"74,715443","-1,934974","1,503163"
BT,26.09.2021,Wahlkreis,162,Chemnitz,LAND,14,System-Gruppe,Wählende,-3,,140700,"74,566355",147218,"75,138443","-4,427448","-0,572088"
BT,26.09.2021,Wahlkreis,163,Chemnitzer Umland – Erzgebirgskreis II,LAND,14,System-Gruppe,Wählende,-3,,137423,"77,547669",138891,"75,696931","-1,056944","1,850738"
BT,26.09.2021,Wahlkreis,164,Erzgebirgskreis I,LAND,14,System-Gruppe,Wählende,-3,,161756,"76,683054",166701,"75,458656","-2,966389","1,224397"
BT,26.09.2021,Wahlkreis,165,Zwickau,LAND,14,System-Gruppe,Wählende,-3,,147142,"74,377625",150950,"72,709845","-2,52269","1,667781"
BT,26.09.2021,Wahlkreis,166,Vogtlandkreis,LAND,14,System-Gruppe,Wählende,-3,,137816,"74,506009",142775,"73,94565","-3,473297","0,560359"
BT,26.09.2021,Wahlkreis,167,Waldeck,LAND,6,System-Gruppe,Wählende,-3,,138130,"75,040881",142852,"76,463","-3,305519","-1,42212"
BT,26.09.2021,Wahlkreis,168,Kassel,LAND,6,System-Gruppe,Wählende,-3,,162809,"74,520996",167855,"75,457067","-3,006166","-0,936071"
BT,26.09.2021,Wahlkreis,169,Werra-Meißner – Hersfeld-Rotenburg,LAND,6,System-Gruppe,Wählende,-3,,130905,"76,158035",133726,"75,984136","-2,109537","0,173899"
BT,26.09.2021,Wahlkreis,170,Schwalm-Eder,LAND,6,System-Gruppe,Wählende,-3,,141494,"76,094953",145743,"77,49237","-2,915406","-1,397417"
BT,26.09.2021,Wahlkreis,171,Marburg,LAND,6,System-Gruppe,Wählende,-3,,141581,"77,968258",142365,"77,669453","-0,550697","0,298805"
BT,26.09.2021,Wahlkreis,172,Lahn-Dill,LAND,6,System-Gruppe,Wählende,-3,,153384,"74,266457",155002,"74,254589","-1,043857","0,011868"
BT,26.09.2021,Wahlkreis,173,Gießen,LAND,6,System-Gruppe,Wählende,-3,,161919,"74,440726",166621,"76,499729","-2,821973","-2,059003"
BT,26.09.2021,Wahlkreis,174,Fulda,LAND,6,System-Gruppe,Wählende,-3,,163560,"78,430244",161981,"77,1463","0,974806","1,283944"
BT,26.09.2021,Wahlkreis,175,Main-Kinzig – Wetterau II – Schotten,LAND,6,System-Gruppe,Wählende,-3,,137070,"76,873034",138193,"77,070611","-0,812632","-0,197577"
BT,26.09.2021,Wahlkreis,176,Hochtaunus,LAND,6,System-Gruppe,Wählende,-3,,144012,"80,076956",146315,"80,607219","-1,574001","-0,530263"
BT,26.09.2021,Wahlkreis,177,Wetterau I,LAND,6,System-Gruppe,Wählende,-3,,138935,"78,540054",138853,"78,699238","0,059055","-0,159183"
BT,26.09.2021,Wahlkreis,178,Rheingau-Taunus – Limburg,LAND,6,System-Gruppe,Wählende,-3,,172247,"78,1286",173627,"78,798867","-0,794807","-0,670267"
BT,26.09.2021,Wahlkreis,179,Wiesbaden,LAND,6,System-Gruppe,Wählende,-3,,136214,"72,945083",139775,"73,80975","-2,547666","-0,864668"
BT,26.09.2021,Wahlkreis,180,Hanau,LAND,6,System-Gruppe,Wählende,-3,,131412,"74,551117",134190,"75,613206","-2,070199","-1,062088"
BT,26.09.2021,Wahlkreis,181,Main-Taunus,LAND,6,System-Gruppe,Wählende,-3,,157718,"80,668392",160647,"81,426421","-1,823252","-0,758029"
BT,26.09.2021,Wahlkreis,182,Frankfurt am Main I,LAND,6,System-Gruppe,Wählende,-3,,145010,"72,066834",144841,"72,502065","0,11668","-0,435231"
BT,26.09.2021,Wahlkreis,183,Frankfurt am Main II,LAND,6,System-Gruppe,Wählende,-3,,175004,"77,024035",172393,"76,981093","1,514563","0,042942"
BT,26.09.2021,Wahlkreis,184,Groß-Gerau,LAND,6,System-Gruppe,Wählende,-3,,129261,"74,252938",133318,"76,300743","-3,0431","-2,047805"
BT,26.09.2021,Wahlkreis,185,Offenbach,LAND,6,System-Gruppe,Wählende,-3,,158052,"72,001859",163580,"74,289036","-3,379386","-2,287177"
BT,26.09.2021,Wahlkreis,186,Darmstadt,LAND,6,System-Gruppe,Wählende,-3,,188916,"78,465545",192508,"79,344824","-1,865896","-0,87928"
BT,26.09.2021,Wahlkreis,187,Odenwald,LAND,6,System-Gruppe,Wählende,-3,,179830,"76,882955",184974,"78,906417","-2,780931","-2,023462"
BT,26.09.2021,Wahlkreis,188,Bergstraße,LAND,6,System-Gruppe,Wählende,-3,,153176,"77,446886",156082,"78,663226","-1,861842","-1,21634"
BT,26.09.2021,Wahlkreis,189,Eichsfeld – Nordhausen – Kyffhäuserkreis,LAND,16,System-Gruppe,Wählende,-3,,154488,"73,845977",158339,"73,077402","-2,432123","0,768575"
BT,26.09.2021,Wahlkreis,190,Eisenach – Wartburgkreis – Unstrut-Hainich-Kreis,LAND,16,System-Gruppe,Wählende,-3,,156113,"73,545582",161171,"73,318867","-3,138282","0,226715"
BT,26.09.2021,Wahlkreis,191,Jena – Sömmerda – Weimarer Land I,LAND,16,System-Gruppe,Wählende,-3,,154163,"77,586979",155210,"76,379115","-0,67457","1,207864"
BT,26.09.2021,Wahlkreis,192,Gotha – Ilm-Kreis,LAND,16,System-Gruppe,Wählende,-3,,142566,"74,830332",146721,"74,680097","-2,831905","0,150235"
BT,26.09.2021,Wahlkreis,193,Erfurt – Weimar – Weimarer Land II,LAND,16,System-Gruppe,Wählende,-3,,166604,"76,44349",168235,"75,808167","-0,969477","0,635323"
BT,26.09.2021,Wahlkreis,194,Gera – Greiz – Altenburger Land,LAND,16,System-Gruppe,Wählende,-3,,168147,"73,238584",176933,"73,496083","-4,965721","-0,257499"
BT,26.09.2021,Wahlkreis,195,Saalfeld-Rudolstadt – Saale-Holzland-Kreis – Saale-Orla-Kreis,LAND,16,System-Gruppe,Wählende,-3,,166531,"75,890119",170493,"75,043906","-2,323849","0,846213"
BT,26.09.2021,Wahlkreis,196,Suhl – Schmalkalden-Meiningen – Hildburghausen – Sonneberg,LAND,16,System-Gruppe,Wählende,-3,,171108,"74,371824",174950,"72,595771","-2,196056","1,776054"
BT,26.09.2021,Wahlkreis,197,Neuwied,LAND,7,System-Gruppe,Wählende,-3,,181837,"76,36424",181607,"75,896006","0,126647","0,468233"
BT,26.09.2021,Wahlkreis,198,Ahrweiler,LAND,7,System-Gruppe,Wählende,-3,,148466,"76,093876",151587,"77,491335","-2,058884","-1,397459"
BT,26.09.2021,Wahlkreis,199,Koblenz,LAND,7,System-Gruppe,Wählende,-3,,147127,"76,217784",151153,"76,727801","-2,663526","-0,510016"
BT,26.09.2021,Wahlkreis,200,Mosel/Rhein-Hunsrück,LAND,7,System-Gruppe,Wählende,-3,,134717,"78,734907",135519,"78,39087","-0,591799","0,344037"
BT,26.09.2021,Wahlkreis,201,Kreuznach,LAND,7,System-Gruppe,Wählende,-3,,138109,"75,725957",139908,"75,5557","-1,285845","0,170257"
BT,26.09.2021,Wahlkreis,202,Bitburg,LAND,7,System-Gruppe,Wählende,-3,,124449,"76,118855",126879,"77,13947","-1,915211","-1,020615"
BT,26.09.2021,Wahlkreis,203,Trier,LAND,7,System-Gruppe,Wählende,-3,,147171,"77,242954",151551,"78,586541","-2,890116","-1,343587"
BT,26.09.2021,Wahlkreis,204,Montabaur,LAND,7,System-Gruppe,Wählende,-3,,164165,"77,871224",163520,"77,824419","0,394447","0,046805"
BT,26.09.2021,Wahlkreis,205,Mainz,LAND,7,System-Gruppe,Wählende,-3,,202670,"81,188158",202534,"81,340262","0,067149","-0,152104"
BT,26.09.2021,Wahlkreis,206,Worms,LAND,7,System-Gruppe,Wählende,-3,,166636,"78,253805",169793,"79,481058","-1,859323","-1,227253"
BT,26.09.2021,Wahlkreis,207,Ludwigshafen/Frankenthal,LAND,7,System-Gruppe,Wählende,-3,,154911,"73,428324",161867,"75,079199","-4,297355","-1,650876"
BT,26.09.2021,Wahlkreis,208,Neustadt – Speyer,LAND,7,System-Gruppe,Wählende,-3,,173828,"79,223028",176425,"79,993199","-1,472014","-0,77017"
BT,26.09.2021,Wahlkreis,209,Kaiserslautern,LAND,7,System-Gruppe,Wählende,-3,,169206,"75,302736",172316,"75,209721","-1,804824","0,093015"
BT,26.09.2021,Wahlkreis,210,Pirmasens,LAND,7,System-Gruppe,Wählende,-3,,132470,"76,091514",135065,"76,012877","-1,921297","0,078638"
BT,26.09.2021,Wahlkreis,211,Südpfalz,LAND,7,System-Gruppe,Wählende,-3,,171259,"78,921198",172369,"79,201684","-0,643967","-0,280485"
BT,26.09.2021,Wahlkreis,212,Altötting,LAND,9,System-Gruppe,Wählende,-3,,129441,"76,74853",126786,"75,368711","2,09408","1,379818"
BT,26.09.2021,Wahlkreis,213,Erding – Ebersberg,LAND,9,System-Gruppe,Wählende,-3,,168337,"83,92972",163357,"82,421114","3,048538","1,508606"
BT,26.09.2021,Wahlkreis,214,Freising,LAND,9,System-Gruppe,Wählende,-3,,194002,"81,771128",186647,"79,172923","3,940594","2,598204"
BT,26.09.2021,Wahlkreis,215,Fürstenfeldbruck,LAND,9,System-Gruppe,Wählende,-3,,192779,"83,128436",190769,"82,183737","1,05363","0,944699"
BT,26.09.2021,Wahlkreis,216,Ingolstadt,LAND,9,System-Gruppe,Wählende,-3,,187395,"78,610561",184059,"77,139624","1,812462","1,470937"
BT,26.09.2021,Wahlkreis,217,München-Nord,LAND,9,System-Gruppe,Wählende,-3,,175551,"78,482048",174196,"76,929464","0,777859","1,552585"
BT,26.09.2021,Wahlkreis,218,München-Ost,LAND,9,System-Gruppe,Wählende,-3,,193958,"79,952678",186913,"78,151015","3,769133","1,801663"
BT,26.09.2021,Wahlkreis,219,München-Süd,LAND,9,System-Gruppe,Wählende,-3,,172970,"80,598865",170483,"78,663283","1,458796","1,935582"
BT,26.09.2021,Wahlkreis,220,München-West/Mitte,LAND,9,System-Gruppe,Wählende,-3,,198272,"81,845351",193399,"80,154757","2,519661","1,690594"
BT,26.09.2021,Wahlkreis,221,München-Land,LAND,9,System-Gruppe,Wählende,-3,,199333,"84,854328",197265,"83,881159","1,048336","0,973169"
BT,26.09.2021,Wahlkreis,222,Rosenheim,LAND,9,System-Gruppe,Wählende,-3,,191410,"80,631029",186492,"79,300931","2,63711","1,330098"
BT,26.09.2021,Wahlkreis,223,Bad Tölz-Wolfratshausen – Miesbach,LAND,9,System-Gruppe,Wählende,-3,,136106,"81,665887",132612,"80,115027","2,634754","1,55086"
BT,26.09.2021,Wahlkreis,224,Starnberg – Landsberg am Lech,LAND,9,System-Gruppe,Wählende,-3,,180978,"84,243209",177013,"82,860393","2,239948","1,382816"
BT,26.09.2021,Wahlkreis,225,Traunstein,LAND,9,System-Gruppe,Wählende,-3,,163876,"78,479036",160615,"77,046137","2,030321","1,432899"
BT,26.09.2021,Wahlkreis,226,Weilheim,LAND,9,System-Gruppe,Wählende,-3,,138039,"81,935384",134333,"80,362409","2,758816","1,572975"
BT,26.09.2021,Wahlkreis,227,Deggendorf,LAND,9,System-Gruppe,Wählende,-3,,127193,"76,536531",119455,"71,676297","6,477753","4,860234"
BT,26.09.2021,Wahlkreis,228,Landshut,LAND,9,System-Gruppe,Wählende,-3,,195589,"79,232664",189425,"77,217047","3,254058","2,015616"
BT,26.09.2021,Wahlkreis,229,Passau,LAND,9,System-Gruppe,Wählende,-3,,136625,"76,944521",131350,"74,04714","4,015988","2,897381"
BT,26.09.2021,Wahlkreis,230,Rottal-Inn,LAND,9,System-Gruppe,Wählende,-3,,133885,"77,108482",127840,"73,826395","4,728567","3,282088"
BT,26.09.2021,Wahlkreis,231,Straubing,LAND,9,System-Gruppe,Wählende,-3,,132955,"76,511176",129424,"74,401706","2,728242","2,109469"
BT,26.09.2021,Wahlkreis,232,Amberg,LAND,9,System-Gruppe,Wählende,-3,,173297,"80,203729",169507,"78,52054","2,235896","1,68319"
BT,26.09.2021,Wahlkreis,233,Regensburg,LAND,9,System-Gruppe,Wählende,-3,,198937,"80,154477",194824,"78,623373","2,111136","1,531105"
BT,26.09.2021,Wahlkreis,234,Schwandorf,LAND,9,System-Gruppe,Wählende,-3,,174957,"78,659227",166505,"75,157985","5,076124","3,501242"
BT,26.09.2021,Wahlkreis,235,Weiden,LAND,9,System-Gruppe,Wählende,-3,,132247,"79,7596",130514,"77,495472","1,327827","2,264128"
BT,26.09.2021,Wahlkreis,236,Bamberg,LAND,9,System-Gruppe,Wählende,-3,,148660,"81,419167",145222,"79,568031","2,36741","1,851136"
BT,26.09.2021,Wahlkreis,237,Bayreuth,LAND,9,System-Gruppe,Wählende,-3,,129136,"79,502555",127222,"77,605622","1,504457","1,896933"
BT,26.09.2021,Wahlkreis,238,Coburg,LAND,9,System-Gruppe,Wählende,-3,,123864,"79,110436",123200,"77,166873","0,538961","1,943562"
BT,26.09.2021,Wahlkreis,239,Hof,LAND,9,System-Gruppe,Wählende,-3,,125334,"76,952453",126918,"75,748424","-1,24805","1,204029"
BT,26.09.2021,Wahlkreis,240,Kulmbach,LAND,9,System-Gruppe,Wählende,-3,,137178,"81,207414",135072,"79,037081","1,559168","2,170333"
BT,26.09.2021,Wahlkreis,241,Ansbach,LAND,9,System-Gruppe,Wählende,-3,,192508,"79,164713",185955,"76,286101","3,523971","2,878612"
BT,26.09.2021,Wahlkreis,242,Erlangen,LAND,9,System-Gruppe,Wählende,-3,,155377,"82,956663",152568,"81,844956","1,841146","1,111707"
BT,26.09.2021,Wahlkreis,243,Fürth,LAND,9,System-Gruppe,Wählende,-3,,197939,"78,94508",194222,"77,747888","1,913789","1,197192"
BT,26.09.2021,Wahlkreis,244,Nürnberg-Nord,LAND,9,System-Gruppe,Wählende,-3,,145212,"77,124329",146205,"76,063658","-0,679183","1,060671"
BT,26.09.2021,Wahlkreis,245,Nürnberg-Süd,LAND,9,System-Gruppe,Wählende,-3,,129560,"73,067292",132085,"72,650419","-1,911648","0,416873"
BT,26.09.2021,Wahlkreis,246,Roth,LAND,9,System-Gruppe,Wählende,-3,,189675,"82,726722",185895,"81,690543","2,033406","1,036178"
BT,26.09.2021,Wahlkreis,247,Aschaffenburg,LAND,9,System-Gruppe,Wählende,-3,,146772,"80,356087",144938,"79,044731","1,265369","1,311356"
BT,26.09.2021,Wahlkreis,248,Bad Kissingen,LAND,9,System-Gruppe,Wählende,-3,,174164,"81,361855",171202,"79,249178","1,73012","2,112676"
BT,26.09.2021,Wahlkreis,249,Main-Spessart,LAND,9,System-Gruppe,Wählende,-3,,158133,"81,340788",157206,"80,132325","0,589672","1,208463"
BT,26.09.2021,Wahlkreis,250,Schweinfurt,LAND,9,System-Gruppe,Wählende,-3,,157357,"79,994408",156159,"78,455695","0,767167","1,538713"
BT,26.09.2021,Wahlkreis,251,Würzburg,LAND,9,System-Gruppe,Wählende,-3,,185659,"82,549231",182961,"80,956911","1,474631","1,59232"
BT,26.09.2021,Wahlkreis,252,Augsburg-Stadt,LAND,9,System-Gruppe,Wählende,-3,,153315,"73,871439",153228,"72,782718","0,056778","1,088721"
BT,26.09.2021,Wahlkreis,253,Augsburg-Land,LAND,9,System-Gruppe,Wählende,-3,,204737,"82,101038",196554,"79,997884","4,163232","2,103154"
BT,26.09.2021,Wahlkreis,254,Donau-Ries,LAND,9,System-Gruppe,Wählende,-3,,157033,"80,211366",150348,"77,540937","4,446351","2,670429"
BT,26.09.2021,Wahlkreis,255,Neu-Ulm,LAND,9,System-Gruppe,Wählende,-3,,188813,"78,048024",182045,"75,963813","3,717762","2,084211"
BT,26.09.2021,Wahlkreis,256,Oberallgäu,LAND,9,System-Gruppe,Wählende,-3,,181755,"79,437333",176437,"77,861379","3,014107","1,575953"
BT,26.09.2021,Wahlkreis,257,Ostallgäu,LAND,9,System-Gruppe,Wählende,-3,,198667,"79,284446",191581,"77,394269","3,698697","1,890177"
BT,26.09.2021,Wahlkreis,258,Stuttgart I,LAND,8,System-Gruppe,Wählende,-3,,157514,"82,119378",160834,"82,74716","-2,06424","-0,627782"
BT,26.09.2021,Wahlkreis,259,Stuttgart II,LAND,8,System-Gruppe,Wählende,-3,,133588,"74,647683",139180,"76,262596","-4,017819","-1,614913"
BT,26.09.2021,Wahlkreis,260,Böblingen,LAND,8,System-Gruppe,Wählende,-3,,195335,"79,549018",196557,"80,005943","-0,621703","-0,456925"
BT,26.09.2021,Wahlkreis,261,Esslingen,LAND,8,System-Gruppe,Wählende,-3,,131888,"79,151163",135479,"80,300507","-2,650595","-1,149344"
BT,26.09.2021,Wahlkreis,262,Nürtingen,LAND,8,System-Gruppe,Wählende,-3,,165777,"80,487165",168052,"81,167288","-1,353748","-0,680123"
BT,26.09.2021,Wahlkreis,263,Göppingen,LAND,8,System-Gruppe,Wählende,-3,,135606,"76,567273",137585,"77,117746","-1,438384","-0,550473"
BT,26.09.2021,Wahlkreis,264,Waiblingen,LAND,8,System-Gruppe,Wählende,-3,,175841,"79,288017",178340,"80,012203","-1,401256","-0,724186"
BT,26.09.2021,Wahlkreis,265,Ludwigsburg,LAND,8,System-Gruppe,Wählende,-3,,171843,"79,811158",175304,"80,387391","-1,974285","-0,576234"
BT,26.09.2021,Wahlkreis,266,Neckar-Zaber,LAND,8,System-Gruppe,Wählende,-3,,186673,"80,902582",186362,"81,281403","0,16688","-0,378821"
BT,26.09.2021,Wahlkreis,267,Heilbronn,LAND,8,System-Gruppe,Wählende,-3,,182804,"75,867708",185705,"76,562648","-1,562155","-0,694941"
BT,26.09.2021,Wahlkreis,268,Schwäbisch Hall – Hohenlohe,LAND,8,System-Gruppe,Wählende,-3,,172687,"76,452801",171760,"76,07237","0,539707","0,380431"
BT,26.09.2021,Wahlkreis,269,Backnang – Schwäbisch Gmünd,LAND,8,System-Gruppe,Wählende,-3,,136436,"77,055495",136717,"77,25521","-0,205534","-0,199715"
BT,26.09.2021,Wahlkreis,270,Aalen – Heidenheim,LAND,8,System-Gruppe,Wählende,-3,,168655,"76,423063",170191,"76,713409","-0,902515","-0,290347"
BT,26.09.2021,Wahlkreis,271,Karlsruhe-Stadt,LAND,8,System-Gruppe,Wählende,-3,,159591,"77,619062",162139,"77,627497","-1,571491","-0,008435"
BT,26.09.2021,Wahlkreis,272,Karlsruhe-Land,LAND,8,System-Gruppe,Wählende,-3,,167946,"80,300459",168801,"80,480688","-0,506514","-0,18023"
BT,26.09.2021,Wahlkreis,273,Rastatt,LAND,8,System-Gruppe,Wählende,-3,,155331,"75,811899",157208,"76,135681","-1,19396","-0,323782"
BT,26.09.2021,Wahlkreis,274,Heidelberg,LAND,8,System-Gruppe,Wählende,-3,,177868,"81,429834",179138,"82,19828","-0,708951","-0,768447"
BT,26.09.2021,Wahlkreis,275,Mannheim,LAND,8,System-Gruppe,Wählende,-3,,142132,"72,198432",144078,"73,028907","-1,350657","-0,830474"
BT,26.09.2021,Wahlkreis,276,Odenwald – Tauber,LAND,8,System-Gruppe,Wählende,-3,,162058,"77,384943",163339,"77,457368","-0,784259","-0,072425"
BT,26.09.2021,Wahlkreis,277,Rhein-Neckar,LAND,8,System-Gruppe,Wählende,-3,,154085,"78,262614",156402,"78,890901","-1,481439","-0,628287"
BT,26.09.2021,Wahlkreis,278,Bruchsal – Schwetzingen,LAND,8,System-Gruppe,Wählende,-3,,152231,"77,766085",154622,"78,717685","-1,546352","-0,9516"
BT,26.09.2021,Wahlkreis,279,Pforzheim,LAND,8,System-Gruppe,Wählende,-3,,163982,"75,523889",167977,"76,500271","-2,378302","-0,976382"
BT,26.09.2021,Wahlkreis,280,Calw,LAND,8,System-Gruppe,Wählende,-3,,152863,"76,780082",153463,"77,498346","-0,390974","-0,718265"
BT,26.09.2021,Wahlkreis,281,Freiburg,LAND,8,System-Gruppe,Wählende,-3,,180976,"80,651717",180854,"81,352898","0,067458","-0,701181"
BT,26.09.2021,Wahlkreis,282,Lörrach – Müllheim,LAND,8,System-Gruppe,Wählende,-3,,174064,"75,327598",177399,"76,396593","-1,879943","-1,068995"
BT,26.09.2021,Wahlkreis,283,Emmendingen – Lahr,LAND,8,System-Gruppe,Wählende,-3,,168004,"76,759019",168468,"77,177294","-0,275423","-0,418275"
BT,26.09.2021,Wahlkreis,284,Offenburg,LAND,8,System-Gruppe,Wählende,-3,,156776,"76,144405",155724,"75,759301","0,675554","0,385104"
BT,26.09.2021,Wahlkreis,285,Rottweil – Tuttlingen,LAND,8,System-Gruppe,Wählende,-3,,149664,"75,518463",152001,"76,295382","-1,53749","-0,776919"
BT,26.09.2021,Wahlkreis,286,Schwarzwald-Baar,LAND,8,System-Gruppe,Wählende,-3,,122862,"75,468059",125344,"75,947189","-1,980151","-0,47913"
BT,26.09.2021,Wahlkreis,287,Konstanz,LAND,8,System-Gruppe,Wählende,-3,,157563,"76,483552",158861,"77,442172","-0,817066","-0,958621"
BT,26.09.2021,Wahlkreis,288,Waldshut,LAND,8,System-Gruppe,Wählende,-3,,136195,"76,826964",136595,"76,822492","-0,292836","0,004472"
BT,26.09.2021,Wahlkreis,289,Reutlingen,LAND,8,System-Gruppe,Wählende,-3,,153820,"77,22314",157642,"78,84702","-2,424481","-1,62388"
BT,26.09.2021,Wahlkreis,290,Tübingen,LAND,8,System-Gruppe,Wählende,-3,,160835,"80,90658",159801,"81,328631","0,647055","-0,42205"
BT,26.09.2021,Wahlkreis,291,Ulm,LAND,8,System-Gruppe,Wählende,-3,,177537,"79,478995",177460,"79,695338","0,04339","-0,216343"
BT,26.09.2021,Wahlkreis,292,Biberach,LAND,8,System-Gruppe,Wählende,-3,,133345,"78,833795",131693,"78,84628","1,254433","-0,012485"
BT,26.09.2021,Wahlkreis,293,Bodensee,LAND,8,System-Gruppe,Wählende,-3,,137838,"79,021957",137146,"79,375166","0,504572","-0,353209"
BT,26.09.2021,Wahlkreis,294,Ravensburg,LAND,8,System-Gruppe,Wählende,-3,,147020,"78,278324",146174,"78,185475","0,578762","0,092849"
BT,26.09.2021,Wahlkreis,295,Zollernalb – Sigmaringen,LAND,8,System-Gruppe,Wählende,-3,,138084,"75,601156",139548,"76,011504","-1,049101","-0,410348"
BT,26.09.2021,Wahlkreis,296,Saarbrücken,LAND,10,System-Gruppe,Wählende,-3,,142697,"73,963479",147602,"73,84346","-3,323126","0,120019"
BT,26.09.2021,Wahlkreis,297,Saarlouis,LAND,10,System-Gruppe,Wählende,-3,,159170,"78,301251",160430,"77,31529","-0,785389","0,985961"
BT,26.09.2021,Wahlkreis,298,St. Wendel,LAND,10,System-Gruppe,Wählende,-3,,139808,"80,77932",141387,"79,669011","-1,116793","1,110309"
BT,26.09.2021,Wahlkreis,299,Homburg,LAND,10,System-Gruppe,Wählende,-3,,142288,"76,523198",145992,"75,875474","-2,537125","0,647724"